"HITID","subreddit","id","name","comment","Worker","Answer","Date"
"33K3E8REWWVJZQS4I3AMXN9O8R0X8Z","Trans_fags","crfk4do","t1_crfk4do"," ""My own theory is that a higher deity decided a girl with a dick would be kind of funny. But the joke is on them because I am kind of rocking it."" ","APXNY64HXO08K","Hate, gender","2015-12-21 18:40:25 UTC"
"371QPA24C2OU79ZZE80ATA1AHP7T1T","AntiPOZi","crcey9y","t1_crcey9y"," ""How many scientist agree that trannies have a mental illness? And don't gays and pedophiles have the same brain condition? "" ","A32L9ALQMIRPQW","Hate, sexual orientation","2015-12-21 18:40:40 UTC"
"3XDSWAMB22S12WH5D1VZ519E1FZQC2","CoonTown","cr8ggqo","t1_cr8ggqo"," ""muh ma nigga, dem egyptians b african so dey inven da firs langage and shit mang.  Dey invent da papayrus, da mummies and shiet, oh yea, and de pyramids mang.  YT dindu nuffins but oppressin and systematically racism against us black folk cuz dey jelous.  "" ","AW4AHMQ7EN4QI","Hate, race","2015-12-21 18:40:35 UTC"
"37G6BXQPLQLGZU1J9S1UVP9HMRCQEV","Trans_fags","crh9jai","t1_crh9jai"," ""If you ever want to stop being a faggot you can always come to /r/antipozi. We dont like trannies either."" ","APXNY64HXO08K","Hate, sexual orientation","2015-12-21 18:41:01 UTC"
"337F8MIIMZDAJZZR3OV27X68WYK041","fatpeoplehate","cquhlnh","t1_cquhlnh"," ""Ugh deluxe dining plan. Went with the shitlady and her parents, I don't think I've ever eaten so much dessert in my life. Not that I'm a food snob, I just legit don't have a sweet tooth. Every lunch and dinner I'd get a $5 hunk of cake or something that I'd have to take a few bites of to be polite, since we'd already paid for it. "" ","A2QBRIK4G0WCBE","Not Hateful","2015-12-21 18:41:03 UTC"
"3L4YG5VW9NSHIFJE8BKQP8KX30MDDK","IslamUnveiled","crc46fm","t1_crc46fm"," ""One of his brothers reminded him that the penalty sharia law stipulates for apostasy is capital punishment.This fact alone proves Islam a morally bankrupt and intellectually corrupt religion. You know your low caliber religion is third rate when the baleful votaries declare they must kill you if you leave Islam. The sooner we make Mohammadans ashamed of this stupidity, the sooner we improve the state of mankind in the modern world."" ","AW4AHMQ7EN4QI","Hate, religion","2015-12-21 18:40:43 UTC"
"3QREJ3J433X8UXDGD941CYNSWILKLK","CoonTown","cr7jsi9","t1_cr7jsi9"," ""Any good stories of bullying and harassment, like where they hit you or take your phone?"" ","APXNY64HXO08K","Not Hateful","2015-12-21 18:40:36 UTC"
"3E9ZFLPWOYSCOW4HRPMDAC32BN5XI7","AntiPOZi","cr2a19f","t1_cr2a19f"," ""I'll take your unfair advantage and raise you having to live on the same planet as niggers and faggots."" ","AW4AHMQ7EN4QI","Hate, sexual orientation","2015-12-21 18:40:26 UTC"
"3VGET1QSZ0Z0ACIVYTMUH4ZMO5PW7J","fatpeoplehate","cqxddu9","t1_cqxddu9"," ""&gt; I actually want to go to a jockey training college, and although I meet the weight restrictions for the courseWhy not! Give it a go. F* what ppl say. Tell them to think of the horse (ie. better that you are lighter).&gt; ""But you'll look like a skeleton"", ""but you'll lose your curves""Ughh! Close your ears! Don't listen. Especially to the ppl who celebrate ""curves"". "" ","A32L9ALQMIRPQW","Hate, size (fat / skinny)","2015-12-21 18:40:48 UTC"
"3IWA71V4TIGWVC9GPODOD9DX2WAX6D","CoonTown","cr49xs9","t1_cr49xs9"," ""I'm surprised to learn that Hispanics have, on average, lower IQ than blacks. "" ","APXNY64HXO08K","Not Hateful","2015-12-21 18:40:48 UTC"
"35O6H0UNLSGZHO4D31OIUURIV3L5JI","Trans_fags","cqvxaw2","t1_cqvxaw2"," ""On one hand it no longer has to suffer, on the other we lost a useful and attractive person"" ","AMVBZXM810ZMA","Not Hateful","2015-12-21 18:40:46 UTC"
"3FI30CQHVKJPI96FKSL6OCM5JTO6BF","fatpeoplehate","crc2w7a","t1_crc2w7a"," ""Mayonnaises are nothing but retarded pile of shit."" ","AW4AHMQ7EN4QI","Not Hateful","2015-12-21 18:41:08 UTC"
"329E6HTMSW2RETNR7301GCTBWWV3KQ","AntiPOZi","cratco4","t1_cratco4"," ""oh oh oh, do me please. I've deleted a lot of my old comments here, but you can probably dig something up. When you're done with that you should kill yourself."" ","AMVBZXM810ZMA","Not Hateful","2015-12-21 18:41:05 UTC"
"3A9LA2FRWSECS1TXL74SA02NBAQXHE","AntiPOZi","creq6ur","t1_creq6ur"," ""Does it block queerness, trannyness, cuckness and all the other shit? If not, then this isn't the end of anything"" ","APXNY64HXO08K","Hate, sexual orientation","2015-12-21 18:41:13 UTC"
"3VMHWJRYHVGSE52RQHGS7FQAVVEFXZ","fatpeoplehate","cre5t9f","t1_cre5t9f"," ""I get a kick out of people saying it's not my place to judge.We survived millions of years of evolution by fucking using our judgment, why the shit should we stop now?  I will absolutely judge your goddamn appearance because that's what I have to go off, you delusional twits. "" ","AMVBZXM810ZMA","Not Hateful","2015-12-21 18:40:41 UTC"
"38Z7YZ2SB32SFZ355BRLG479EKJQI4","TheRedPill","cra4rrt","t1_cra4rrt"," ""Sure it's stupid, but it's also the reason the human species was able to survive."" ","A32L9ALQMIRPQW","Not Hateful","2015-12-21 18:40:33 UTC"
"3N5YJ55YXG3S6K7FDV7RVCOLW1RANX","Trans_fags","crg1y8x","t1_crg1y8x"," ""See. Reddit Tranny Child Ring  in action.We're not lying when we say you're a child ring trying to lure KIDS in, you sick fucks."" ","AMVBZXM810ZMA","Not Hateful","2015-12-21 18:41:19 UTC"
"3VMHWJRYHVGSE52RQHGS7FQAVVDXFG","AntiPOZi","cr25ibq","t1_cr25ibq"," ""What are you saying? That ""pozi"" means Australia and New Zealand?  Haven't heard of that before. And we use a different definition of ""poz"" or ""pozi"". In fact, it's in the fucking sidebar:&gt;Cultural HIV/AIDS (""poz"") is defined as anything that weakens a society's ability to defend itself against cultural subversiveness.I doubt that anyone outside of Australia and New Zealand would know of this supposed ""definition"" of the word ""poz"", anyways."" ","AMVBZXM810ZMA","Not Hateful","2015-12-21 18:40:54 UTC"
"371Q3BEXDH9QN57SXJ4CBZP0SL6SZS","KotakuInAction","crbwrf3","t1_crbwrf3"," ""Some of us are not yet convinced a Fiero with a body kit is a Lamborghini."" ","APXNY64HXO08K","Not Hateful","2015-12-21 18:40:42 UTC"
"3E9ZFLPWOYSCOW4HRPMDAC32BN6IXT","CoonTown","cr4aeir","t1_cr4aeir"," ""I've been a fan since the days of Mantle and Maris. This was profound."" ","A1T79J0XQXDDGC","Not Hateful","2015-12-21 18:40:44 UTC"
"3KQC8JMJGCS0C3MJ1IX43KDJ4FR3HM","KotakuInAction","cqzkqxl","t1_cqzkqxl"," ""Marvel sent a warning to Whedon by making a martyr out of Edgar Wright.He didn't heed it."" ","A32L9ALQMIRPQW","Not Hateful","2015-12-21 18:40:54 UTC"
"3PGQRAZX02KQIFXN1X2TXSGYMR2SY1","TheRedPill","cr3i2w7","t1_cr3i2w7"," ""Even the hamplanets get that these daysObesity has now reached a stage where its pretty much guaranteed.Its legitimately an ""in the land of the blind the one eyed man is king"" type thing now"" ","APXNY64HXO08K","Hate, size (fat / skinny)","2015-12-21 18:41:07 UTC"
"31YWE12TE0CFZCNL8YIGJNDTX7UX7C","CoonTown","crm4r7f","t1_crm4r7f"," ""Niggers in the military are always doing stupid shit and getting everyone in trouble. Especially overseas, it's embarrassing that we're inflicting niggers on the locals in so many countries."" ","AMVBZXM810ZMA","Hate, race","2015-12-21 18:41:25 UTC"
"3SD15I2WD2UKFE225Z606TOTV1B63O","Trans_fags","crdmqcl","t1_crdmqcl"," ""'It' should be in 50 shades of degeneracy."" ","A110KENBXU7SUJ","Hate, sexual orientation","2015-12-21 18:41:26 UTC"
"3JAOYN9IHL2LIVFKMX82ZQC9LA833E","KotakuInAction","creepy6","t1_creepy6"," ""What? No way. They KNOW they have a double standard and they prefer it that way.  It's not like they don't know they're being hypocrites. "" ","APXNY64HXO08K","Not Hateful","2015-12-21 18:41:20 UTC"
"3K1H3NEY7LZKUZT5A1LYVTNUGS2DGU","fatpeoplehate","cqyvb7a","t1_cqyvb7a"," ""two? I counted four, maybe five (can't really tell the leftmost one because of the angle) really fit girls in the whole group. The rest are slightly to moderately chubby, not counting The Blouse."" ","A110KENBXU7SUJ","Hate, size (fat / skinny)","2015-12-21 18:41:19 UTC"
"3HXCEECSQMTNJRJ1WPW1TLD1961ZYC","CoonTown","crnmzf6","t1_crnmzf6"," ""How do you know the good Samaritan was a nigger? The article said he was remaining anonymous. "" ","A2QBRIK4G0WCBE","Hate, race","2015-12-21 18:41:22 UTC"
"35O6H0UNLSGZHO4D31OIUURIV3LJ5W","KotakuInAction","cqzik5j","t1_cqzik5j"," ""May be! Not all feminists are third-wave feminists though. A lot of feminists aren't really feminists at all, but egalitarians. They just believe that feminism means ""strive for equality between the sexes"".  Everything has nuances."" ","APXNY64HXO08K","Not Hateful","2015-12-21 18:41:27 UTC"
"38G0E1M85M5PTYUMLRA95UUSP7LVUB","Trans_fags","crfkw1e","t1_crfkw1e"," ""Are you talking about me, /u/SissyThatLilly? You do know that it wasn't /u/WhyNotEatCats who said that, right?And nobody's recruiting me. People are simply being *helpful* and *compassionate* to me, which are qualities that you people could learn a few things about."" ","A166A2M31CW2C7","Not Hateful","2015-12-21 18:41:21 UTC"
"3QO7EE372ONISRPZZ1Z4UH3WJUZQBV","CoonTown","cr1422x","t1_cr1422x"," ""Hate to break it to you SJW nigger author, but the fucking sleeves aren't the reason that silverback got bounced. Gotta love how she titles the article to help detract, mislead and minimize (read that as pull excuses out of her fat black ass) as to why that ham planet was disciplined. Never an ounce of credibility, responsibility or ownership of ANY wrongdoing; no matter how petty. hashtag dindunuffin"" ","A3749HUHYLI50L","Hate, race","2015-12-21 18:40:59 UTC"
"31ANT7FQN823QI9NF1LXIHB3IBH5HD","Trans_fags","cr6u7n9","t1_cr6u7n9"," ""&gt;This is an insane rant, science disagrees with you, psychologists disagree with you. You dumbasses think you're spreading truth, but you're really spreading hate and lies. Science says that if you are born as a female and/or a male, then there is no way that you can change your gender as its biologically impossible.psychologists agree that gender dysphoria  is a mental illnessits the truth u fag&gt;You're Andrea in the Walking Dead, you're Steven Segal in that one movie where he dies like a punk, you're RGIII after a mild hit to the body, all fucked up. You motherfuckers can't count to 10, because you need one finger to keep track of what you already counted. that's mean, why you gotta be like that?!?! I don't even watch tv shows.&gt;Niggas ain't shit, but you are. You wish you knew what a vagina looks like so that's why you hate trans people for not having one. Yo mamma so fat, you thought her skin flap was a dick. You the type of niggas that look up before crossing the street. You comment on gonewild pictures.why you bein racist?!?! I don't comment on gonewild pictures, but I do comment on this sub. as long as I do, transexualism will end"" ","AW4AHMQ7EN4QI","Hate, sexual orientation","2015-12-21 18:41:29 UTC"
"3K3IX1W4S6RS95JSTAKJZ1TGWGSAPT","SlutJustice","cqye3dz","t1_cqye3dz"," ""&gt;  i thought it was really weird that ""he"" mentioned the numbers of pics in the postsHoly shit.  That *does* make sense.  I want to believe you're right."" ","A32L9ALQMIRPQW","Not Hateful","2015-12-21 18:41:06 UTC"
"3DWNFENNE3VHL50DPW58P2L4V7QJ4R","KotakuInAction","cravnae","t1_cravnae"," ""On the other hand, its reach is much smaller. There's no calculus that can tell us whether a smaller amount of harm across a larger amount of people is better or worse."" ","A32L9ALQMIRPQW","Not Hateful","2015-12-21 18:41:21 UTC"
"36FQTHX3Z3RQLQJX1QN8H9AL92M3B6","CoonTown","crdrmkp","t1_crdrmkp"," ""So you don't have to trudge through the bullshithttp://www.targetmap.com/viewer.aspx?reportId=3073https://lesacreduprintemps19.files.wordpress.com/2012/03/an-examination-of-rushton_s-theory-of-differences-in-penis-length-and-circumference-and-r-k-life-history-theory-in-113-populations.pdf"" ","A32L9ALQMIRPQW","Not Hateful","2015-12-21 18:41:10 UTC"
"3UEBBGULPFO0X18WLC55N8R61DXFU7","fatpeoplehate","crjf9hy","t1_crjf9hy"," ""Go back to fatlogic ya stupid sowBanned-YEEEEEECAW"" ","APXNY64HXO08K","Hate, sexual orientation","2015-12-21 18:41:48 UTC"
"3MJ28H2Y1E8DIZVAJEGN2Q84UXV5O1","fatpeoplehate","cr363q3","t1_cr363q3"," ""Did she really say you lucked out in genetics?The fattest guy around, 100 years ago, was in a circus. This century is a circus I didn't pay for and I'm not ever gonna want to see. "" ","A110KENBXU7SUJ","Hate, size (fat / skinny)","2015-12-21 18:41:33 UTC"
"3OQQD2WO8I608YX370FP3WEY4S63IF","KotakuInAction","cqvq6uv","t1_cqvq6uv"," ""I absolutely adore how none of his ""fans"" are coming to his defense. This is an all time low for you Mr. Chu and while I sincerely doubt that your autobiographical documentary would have been a hit before this fiasco, I can damn well assure you that nobody, or at least not enough to fully fund it, will want to donate to you nowEspecially given all the events that have occured over the past month alone. That said, if you accept bit coins, I would be happy to donate. No reward necessary, I honestly just want to understand how such an obviously intelligent person could be so stupid sometimes."" ","A3L60SOWLYEDN2","Not Hateful","2015-12-21 18:41:53 UTC"
"3ABAOCJ4R84EBITWQQPD8XEQVT3QMK","fatpeoplehate","crd2d0a","t1_crd2d0a"," ""Common mistake, but Les Mis is not about the FR. It actually takes place about 40 years later! http://bookhaven.stanford.edu/2012/12/enjoy-les-miserables-but-please-get-your-history-straight-first/"" ","A3ORE2BNURPVNI","Not Hateful","2015-12-21 18:41:52 UTC"
"3YCT0L9OMM9W6GT9UVTIGCIRI7YNS6","KotakuInAction","crmkr5e","t1_crmkr5e"," ""&gt; She's got a foreign sounding name and people, ironically, don't want to be seen as racist.She's a white Turk! "" ","ALLP45O3BDWYM","Hate, race","2015-12-21 18:40:27 UTC"
"3CESM1J3EI3H6C4QFJH2BQZQTU5W6K","fatpeoplehate","crqyyq5","t1_crqyyq5"," ""So the big question of the day. How do you even fit a 400lb person into the oven in the first place?"" ","A2KXMQWKUDMNGL","Hate, size (fat / skinny)","2015-12-21 18:41:16 UTC"
"3M4KL7H8KVNO5BONIVSHI09WXHX61W","CoonTown","cqz4pgs","t1_cqz4pgs"," ""You're telling people not to be cops, right? If people don't become cops, then you dont have cops. Pretty easy to get to that conclusion. "" ","A3ORE2BNURPVNI","Not Hateful","2015-12-21 18:42:00 UTC"
"3M47JKRKCX16GB88HG1WXAW4BN286H","fatpeoplehate","criastr","t1_criastr"," ""**Excess Calories Kill!** End fat acceptance!"" ","A3ORE2BNURPVNI","Hate, size (fat / skinny)","2015-12-21 18:40:30 UTC"
"3OCZWXS7ZO75CESD6M0VA94AZSQ5LK","KotakuInAction","crh9cx8","t1_crh9cx8"," ""I lost it at ""tame beautiful animals... and ride them like ponies."""" ","A3ORE2BNURPVNI","Not Hateful","2015-12-21 18:40:57 UTC"
"3PN6H8C9R4QJK8G2O1TOZ7CRIXPDAI","Trans_fags","cr5s0e0","t1_cr5s0e0"," """"Monsters"". How ironic.Come on over guys and women (your real genders of course.) I know I can be more hateful than you."" ","A3ORE2BNURPVNI","Hate, gender","2015-12-21 18:41:43 UTC"
"3YGE63DIN8XMS1IBDU1L2PPZGRJW0J","TheRedPill","crcyedv","t1_crcyedv"," ""Reread what you sent me and ask yourself ""why?"""" ","ALLP45O3BDWYM","Not Hateful","2015-12-21 18:40:45 UTC"
"3IV1AEQ4DRDI46NF1ZVL6E19XTMJ8Y","AntiPOZi","croyng7","t1_croyng7"," ""Maybe it's 7 years into a bio program talking but it doesn't seem like it takes much to refute their crap.  "" ","A3ORE2BNURPVNI","Not Hateful","2015-12-21 18:40:46 UTC"
"3M0556243SKN2BONOBTJ9DZCTH4FNF","CoonTown","cqumntn","t1_cqumntn"," ""Did you ever notice nigs will do anything to park closer to whatever they're going to? I walk near a tennis court park, nigs will illegally park to get closer to a place where they're going to exercise. Like the extra 50 foot walk will kill them. And the parking in the fire lane at stores...No wonder all the women are morbidly obese; they can't / won't walk 100 feet from the parking lot to the store. Or to put their cart away..."" ","ALLP45O3BDWYM","Hate, race","2015-12-21 18:40:37 UTC"
"3421H3BM9AHIIB6P6R1Z6AWKHZ4J9N","fatpeoplehate","cri84wz","t1_cri84wz"," ""Oh my gosh!! I actually thought your mother (or the lady with the yellow sweater ) was related to your fat sister and that she was actually your aunt. Fat ages you so bad. You are soooo cute, btw! You look adorable in that dress. "" ","ALLP45O3BDWYM","Not Hateful","2015-12-21 18:40:57 UTC"
"3IVEC1GSLPZ0T63U2EM6R4E1JNGJ1E","Trans_fags","cr5n7f3","t1_cr5n7f3"," ""Again. Do you know what real national socialism is or do you parrot the kike lies about Hitler and other great men? Do you know what real national socialism is? "" ","A3ORE2BNURPVNI","Not Hateful","2015-12-21 18:41:28 UTC"
"3D4BBDG7ZHW9VVB3FQJ3STG3RNM3CD","WhiteRights","cro9s59","t1_cro9s59"," ""&gt;It was the last of these activities that most interested Ken Paller, who leads a research group at Northwestern University that has been developing a technique to help you learn while you sleep.&gt;Paller has taken this technique a step further to help humans unlearn racial and gender biases. To do this, he recruited ***40 white people*** from a university community.Professor Paller is Jewish of course. [1](https://www.facebook.com/PalevskyGen/posts/482583018443704), [2](http://old.palevsky.org/trees/he.html)[](/check)"" ","A2KXMQWKUDMNGL","Not Hateful","2015-12-21 18:42:13 UTC"
"3ECKRY5B1QW1TR4WS7AY7XJDJN4IZQ","CoonTown","cr09n25","t1_cr09n25"," ""The cops did exactly as they were told.  I don't see a problem here."" ","AMVBZXM810ZMA","Not Hateful","2015-12-21 18:41:44 UTC"
"3J6BHNX0U9SYIXG1PMKGPQRH1DLKNM","WhiteRights","cropp4j","t1_cropp4j"," ""I doubt that is the case- since all these reactions seem to entrench freedom of speech ideals rather than reverse them. Perhaps there will be a backlash, but so far I havent seen any indication of that happening on a legal level.Im surprised so many people here are in agreement with the liberal left wing SJWs that these drawings go too far. I wonder if its just down to one of the organisers being Jewish.    "" ","AMVBZXM810ZMA","Hate, race","2015-12-21 18:42:16 UTC"
"31MCUE39BKMMC7R8HCFMIK1IPFE3GN","KotakuInAction","craix1p","t1_craix1p"," ""&gt;  If it's industry types we are trying to impress a concern on,""Industry types"" are the last people we should give a fuck about in regards to pointing out corrupt journalists.If the information is useful to the consumer, then it's a success. If consumers find a distaste for a journalist, industry types will follow suite (via following the money). "" ","AMVBZXM810ZMA","Not Hateful","2015-12-21 18:41:37 UTC"
"37Y5RYYI0P51IA7DW1GREE9PKL8SXV","TheRedPill","crd6sj8","t1_crd6sj8"," ""Sounded like she was simply supporting his ass and tired of it. Did I miss something?"" ","AMVBZXM810ZMA","Not Hateful","2015-12-21 18:42:29 UTC"
"341H3G5YF0EQMWNGOHLS1TJHXTO0ZE","KotakuInAction","cr2yaoz","t1_cr2yaoz"," ""This has to be satire yes? It can be so hard to tell these day's."" ","A110KENBXU7SUJ","Not Hateful","2015-12-21 18:42:18 UTC"
"3PIOQ99R7YMCLTLDJ0OIVD0F34JNUM","AntiPOZi","crmx08v","t1_crmx08v"," ""You speak of the need for sexual education for children and adults. How would you go about educating on nepiphiles and what would be the goal exactly?So we're at an understanding here - 'nepiphilia' is the attraction to pre-pubescent children, toddlers and babies. How does one educate children on nepihilia?"" ","A110KENBXU7SUJ","Hate, sexual orientation","2015-12-21 18:42:05 UTC"
"36QZ6V1589D916DIRW54U7ALQ3RSU3","CoonTown","crad8w2","t1_crad8w2"," ""What makes you believe that one race isn't inferior to another?"" ","AMVBZXM810ZMA","Hate, race","2015-12-21 18:41:41 UTC"
"3U74KRR67MLXLG6OJVY8QHEDKQCNTV","AntiPOZi","crimj6b","t1_crimj6b"," ""A+ post, come at me downvoters.Edit: When you engage with leftists, hit them hard.  Challenge their assumptions.  Reframe.  Beat them down.  If a shitlib says, ""Immigration is a human right,"" ask why living in America is a right guaranteed to rapists and murderers.  Do they *want* more rapists and murderers in America?Hold their feet to the fire.  ""Immigration is good for the economy,"" ask how millions of poor people on welfare will benefit the economy.  When they try to pull the ""immigration lifts people out of poverty,"" ask why they think that foreign labor undercutting American workers will grow the middle class.  That's what progressives say they want, a thriving middle class.  Don't they care that poor blacks are going to be poorer if a million migrants are competing for McJobs?  And think about all the male Hispanics that are going to keep women out of STEM jobs (looool).Don't allow them to control the narrative.  Argue like a man, not a little girl.  Don't come off as shrill.  Troll them, joke about the issue, and most of all, have fun with it."" ","APXNY64HXO08K","Not Hateful","2015-12-21 18:42:02 UTC"
"3TLFH2L6Y9O1WUHVXC0OYTBF9VLT2A","AntiPOZi","crm4lgh","t1_crm4lgh"," ""The tiny mortarboard on her big dumb head is incredibly comical."" ","A3L60SOWLYEDN2","Not Hateful","2015-12-21 18:42:04 UTC"
"3BO3NEOQM0H0SJWOGFUZQ4S4A2XAIH","CoonTown","cr13ivm","t1_cr13ivm"," ""And that is why this sub is so good : You can say this without fear of getting banned. Hell, most places ban you for just saying ""nigger"".NiggerIt feels good to just be able to say it like any other word."" ","AW4AHMQ7EN4QI","Hate, race","2015-12-21 18:41:51 UTC"
"3MYASTQBG7BB7ONJDXQAP7RWMFBQD2","CoonTown","crr7zg1","t1_crr7zg1"," ""So systematic genocide similar to what the kikes are doing to the Palestinians is okay? I mean whites fucking built SA and essentially of all of Africa..... Fucking non-white/kike trash "" ","AW4AHMQ7EN4QI","Hate, race","2015-12-21 18:41:40 UTC"
"3MIVREZQVHYJLUTT5ECXTKMM6O8KQ9","SlutJustice","crlf3ld","t1_crlf3ld"," ""Sorry the internet ruined you day. This thread wasn't about me. Go find an argument else where."" ","A2KXMQWKUDMNGL","Not Hateful","2015-12-21 18:42:38 UTC"
"3BAWBGQGYLZNVNIQ8JHYV2G8HWN7VK","CoonTown","criy6mz","t1_criy6mz"," ""Can someone ELI5 why there is a chimpout in Cleveland?"" ","AW4AHMQ7EN4QI","Not Hateful","2015-12-21 18:41:58 UTC"
"3SX4X51T809AO57REA74A1OQMBWAOC","Trans_fags","cr0rkak","t1_cr0rkak"," ""Nothing can be done for that fag. He sounds so far gone that no amount of tharapy would set him strait. He is obviously mentally ill in more ways then one but he insists to take more and more hormones. Hes fucked as a person"" ","A110KENBXU7SUJ","Hate, sexual orientation","2015-12-21 18:42:24 UTC"
"39O6Z4JLX2XHA2OHQWLWP1TWJP2VX3","Trans_fags","cric0t0","t1_cric0t0"," ""What about a [Nobel Prize winning Jew who respected a Nobel Prize winning Nazi?](https://i.imgflip.com/lw3jn.jpg)Holocaust never happened, everything you know is wrong.  If you haven't figured out were behind a heavy iron curtain by now, you're just too stupid.  We have been since at least the point that Russian-Jewish owned CBS destroyed Joe McCarthy like swatting a fly.Eisenhower and [Churchill never thought to mention any gaschambers](http://anonfiles.co.uk/image.php?di=GNV1)... I guess when they liberated all the concentration camps, it just escaped the prisoners' minds despite the fact that they described human skin lamps, being hung from hooks, and collectable shrunken heads during Eisenhowers' initial tour of the ""death camps.""It wasn't until the Soviets got their hands on Nazis and got ""completely legitimate"" signed confessions from Nazis that the whole gas chamber myth really took off.  These were, of course, the same Soviets who literally raped half of Berlin.  Because, you know, the Nazis were bourgeois and filled with white privilege."" ","AW4AHMQ7EN4QI","Hate, race","2015-12-21 18:42:36 UTC"
"33BFF6QPI1BI9TH8WHJ44NN6J33W3E","AntiPOZi","crk38nf","t1_crk38nf"," """"We"" aren't.  /r/Catholicism used to be based as hell.   Faggots used to cry about them in /r/Christianity.  The Ireland thing just has faggots flooding in to preen about their ""victory"" like they always do.  This, too, shall pass.  "" ","AW4AHMQ7EN4QI","Hate, religion","2015-12-21 18:42:15 UTC"
"3X2LT8FDHWI4AQNE8YE0V4VHZPVW86","TalesofFatHate","cr5hhyu","t1_cr5hhyu"," ""Ew. My methods would not involve being in the spatter range of their diseased fluids."" ","AMVBZXM810ZMA","Not Hateful","2015-12-21 18:41:54 UTC"
"38F60IALAGHU0KEHIPWAF5I0CX1T0Q","GasTheKikes","cr9ap8z","t1_cr9ap8z"," ""Nazis used Zyklon B. All camps were extermination camps in one sense or another. There were 6 DEATH camps created specifically for the Final solution "" ","AW4AHMQ7EN4QI","Not Hateful","2015-12-21 18:42:05 UTC"
"33NKDW9FFXILBTIHZFQRZ957YILXC5","KotakuInAction","cqwprl3","t1_cqwprl3"," ""Benzos are actually super trust worthy. the toxicity rate is really rather high. And 4mg is a not small dose."" ","AMVBZXM810ZMA","Not Hateful","2015-12-21 18:42:20 UTC"
"3MGHRFQY2LPQH6DBSVJ9NMAFRZK0YN","TheRedPill","cro2nlc","t1_cro2nlc"," ""Why is it so important to you that other people get credit cards?"" ","AMVBZXM810ZMA","Not Hateful","2015-12-21 18:42:33 UTC"
"3O4VWC1GEW6W39H9PI0PFXTYH7V3JR","AntiPOZi","crej125","t1_crej125"," ""I see, so that's why you like pretending youre better than EVERY SINGLE ONE of us. *It all makes sense now*. Keep pretending you're white, Abraham, it's entertaining watching you struggle to emulate our ""hate""."" ","AMVBZXM810ZMA","Hate, race","2015-12-21 18:42:38 UTC"
"3KG2UQJ0MJOKT0EW2R4DLC3Q0JDQNK","TalesofFatHate","cr756rx","t1_cr756rx"," ""they mean unfiltered, unpasteurized honey. And yeah, people into that kind of woo-woo thinking are all about it.It's fucking dangerous because they feed it to their babies and then wonder why they're going to jail for killing their kid when they were ""trying to avoid processed crap"".Stupidity doesn't require fatness, but it does tend to be a causative factor."" ","AMVBZXM810ZMA","Not Hateful","2015-12-21 18:42:26 UTC"
"39XCQ6V3KY4NTTP6JIUTLQMD9X265E","KotakuInAction","cr5437u","t1_cr5437u"," ""I haven't heard any reason to dislike IndieGoGo, but it wouldn't be the first time I was ignorant of corruption. If you have links, I would appreciate them."" ","A20ALQT1HIVSAH","Not Hateful","2015-12-21 18:40:22 UTC"
"3MIVREZQVHYJLUTT5ECXTKMM6O8QKF","IslamUnveiled","cr3ra9j","t1_cr3ra9j"," ""&gt; 0:58 In summary, I discovered that the United Nations Commissioner for Refugees was choosing most of our refugees. It's under the influence of a powerful **Muslim supremacist group** called The Organization of Islamic Cooperation."" ","A20ALQT1HIVSAH","Not Hateful","2015-12-21 18:40:14 UTC"
"37SQU136V7OTYPNQCPG0N4IFP6H11T","GasTheKikes","crmws87","t1_crmws87"," ""&gt; I used to consider myself a libertarian and had little issue with others' degeneracy in many cases, while still living as righteously as I could as an individual.Same here. Then I realized that not a lot of people can handle true freedom. Classical Liberalism ala Thomas Jefferson, people can't handle that type of freedom. That's why I went to Nat Soc."" ","AJZBAP861F6X1","Not Hateful","2015-12-21 18:42:08 UTC"
"3PUV2Q8SV44O3ILUUFTKUIWX0FADBD","KotakuInAction","cqzyvvs","t1_cqzyvvs"," ""I think there's enough of an overlap there in terms of how crummy journalism functions, plus I think she qualifies as the most mainstream scholar type who has shown sympathy for GG. If Young is logical, I think Sommers is logical (and indeed, they're friends).Though again, I'm mostly just riffing above, I have no claims to be the expert on this. :P"" ","AJZBAP861F6X1","Not Hateful","2015-12-21 18:42:34 UTC"
"34HEO7RUG6UDLIZ762O84WTVXYGARL","AntiPOZi","crp5ozl","t1_crp5ozl"," ""Haha, true. The thing is, they are genetically different for a degree than Sweden and Norway which are genetically identical. Finns have a percentage of blood from far eastern Europe on average, which have differentiates them"" ","AJZBAP861F6X1","Hate, race","2015-12-21 18:42:58 UTC"
"3D42WVSDH8VHEAS1VD2UQTXJX18FY5","fatpeoplehate","crj0fsy","t1_crj0fsy"," ""Let these acronyms guide you!!!O.B.E.A.S.T.-- Obtuse Beastly Abhorrently-Exigent Swine-TitsH.A.M.-- Hulkingly Atrocious MassH.A.M.P.L.A.N.E.T.-- Hulkish-ly Atrocious Masticator, Putrid Lard, Abominably-Nastily-Expanded TwitB.B.W.--Bulging Bloated WhaleF.A.T.T.Y.-- Flabby Anomalistic Turgid Tetchy-Yecchy."" ","AW4AHMQ7EN4QI","Hate, size (fat / skinny)","2015-12-21 18:42:51 UTC"
"311HQEI8RSG447N09G61G8T457T7ZK","TheRedPill","cr1zh1x","t1_cr1zh1x"," ""I hate to do this, but the photo the guy posted is not exactly what I would call a good advert for any of this kind of eating behaviour.  It leads to rebounds and doesn't make you lean. "" ","AW4AHMQ7EN4QI","Not Hateful","2015-12-21 18:43:15 UTC"
"35F6NGNVM8J8IVE13OHJUKSNKB7T7Q","fatpeoplehate","cqzp9k3","t1_cqzp9k3"," ""&gt;KFC doesn't need to try any moreFTFY"" ","AW4AHMQ7EN4QI","Not Hateful","2015-12-21 18:42:41 UTC"
"3X7837UUADYV0S4R8KYNM05IRYWJ6C","GasTheKikes","cridjau","t1_cridjau"," ""Well he is not wrong.Berlin was especially degenerate."" ","AMVBZXM810ZMA","Not Hateful","2015-12-21 18:42:41 UTC"
"3EFNPKWBMSOP13GN3AQJXSE2IYO03G","fatpeoplehate","cqzzb37","t1_cqzzb37"," ""Omg the part where the girl's mom says ""I buy low fat everything!!!!"" and then feeds her nutritionless cereal for breakfast and a cheeseburger for lunch and low carb spaghetti for dinner.... Anything but fruits and vegetables! "" ","AW4AHMQ7EN4QI","Not Hateful","2015-12-21 18:43:45 UTC"
"38O9DZ0A62NVUW6J1ZSVNJJ1PNB62D","CoonTown","cr2al7w","t1_cr2al7w"," ""wow..even  if you live in a middle class area and these muds are in your area it's a liability. "" ","AW4AHMQ7EN4QI","Not Hateful","2015-12-21 18:43:52 UTC"
"3PR3LXCWSFZJDVBENVG0XJ4ZSXIX9O","Trans_fags","crebaew","t1_crebaew"," ""hahaha:http://www.dailymail.co.uk/news/article-3054222/Images-transgender-prisoner-face-pulverized-police-stripped-shaved-head-spark-outrage-Brazil.html"" ","AMVBZXM810ZMA","Hate, sexual orientation","2015-12-21 18:42:49 UTC"
"36QZ6V1589D916DIRW54U7ALQ3QUS4","CoonTown","cr3gjbc","t1_cr3gjbc"," ""Whoa. Would benefit from some image stabilization, I'm feeling a little dizzy now from watching that. Also watch it muted to avoid the shitty cRap soundtrack. "" ","AW4AHMQ7EN4QI","Not Hateful","2015-12-21 18:43:09 UTC"
"3UXQ63NLAAM71U9M7WR8DV429ODBLS","fatpeoplehate","cr1780z","t1_cr1780z"," ""I would have told it to fuck off. No witnesses, it couldn't prove it."" ","AMVBZXM810ZMA","Not Hateful","2015-12-21 18:42:59 UTC"
"31YWE12TE0CFZCNL8YIGJNDTX7V7XN","Trans_fags","cr59be1","t1_cr59be1"," ""Someone definitely fucked up in the medical community. I wonder [who could be responsible for this](http://a.pomf.se/xvszou.png)."" ","AMVBZXM810ZMA","Not Hateful","2015-12-21 18:43:15 UTC"
"32PT7WK7DMFJ0NHHFMEECZYLCNY3DD","Trans_fags","crolevi","t1_crolevi"," ""Just like my rapist, you have absolutely no concern for how your ideology, teaching, and deviations might affect children in life.  But transgenders are even worse than the pedophile rapist youth pastor who told me it was God's will I let him sexually abuse me because even he didn't tell me it was normal to want to amputate my body parts."" ","AW4AHMQ7EN4QI","Not Hateful","2015-12-21 18:43:34 UTC"
"308KJXFUJR6Q1XCZART34BUDLJDATY","fatpeoplehate","crig6sk","t1_crig6sk"," ""[Here](https://s-media-cache-ak0.pinimg.com/originals/2b/ce/c4/2bcec4609fc65312155e4921f274b7e3.jpg)'s a nice circus freak sideshow poster. I think she'd do well modeling for that."" ","AMVBZXM810ZMA","Not Hateful","2015-12-21 18:42:55 UTC"
"3PCPFX4U40Q8581F43L0D7UHYSRFQ2","Trans_fags","cr6qw90","t1_cr6qw90"," ""The cucks behind reddit won't care, though. They're busy with worshipping Chairman Pao."" ","AMVBZXM810ZMA","Not Hateful","2015-12-21 18:43:10 UTC"
"39KMGHJ4RZATKBHQKN80VUGVFM400L","Trans_fags","cqzha42","t1_cqzha42"," ""In the end you're still saying the same, that they need to be treated to become comfortable with they assigned gender. But that still doesn't works. You can't claim that people NEED to go through a treatment that will have no effect on them."" ","AW4AHMQ7EN4QI","Not Hateful","2015-12-21 18:43:00 UTC"
"3ZLW647WALVWXDJ1IXUXGG7HFW8323","Trans_fags","crqkcop","t1_crqkcop"," ""They are such faggots. All these ""buddhists"" in america just go do hot yoga and fuck each other in the ass after reading some tantric sex bullshit garbage book."" ","AMVBZXM810ZMA","Hate, sexual orientation","2015-12-21 18:43:05 UTC"
"3D17ECOUOEVP8S15ZTUJBXXCNQV13L","AntiPOZi","crot3fm","t1_crot3fm"," ""&gt;in denialOr maybe just with a sense of humour?"" ","AUGRDUEDEUXUS","Not Hateful","2015-12-21 18:44:49 UTC"
"3B286OTISEHWNUGUYXFZ2574NHMAJT","CoonTown","crc1mtw","t1_crc1mtw"," ""Would this ""friend"" have called you racist if you said that you would never date a asian or a indian?"" ","AUGRDUEDEUXUS","Not Hateful","2015-12-21 18:44:40 UTC"
"3WRKFXQBOB71O1URWL8FTQABDT0IYZ","CoonTown","craxh2k","t1_craxh2k"," ""I still say the two quickest ways to redpill someone is have them work as a teacher or somewhere in public that niggers frequent (eg. server at restaurant)"" ","AUGRDUEDEUXUS","Hate, race","2015-12-21 18:45:02 UTC"
"34ZTTGSNJXOSJ4SLZT90GS6UE74QHB","Trans_fags","cr0gz7o","t1_cr0gz7o"," ""Resubmit with either NP link or archive.today. Thanks."" ","AUGRDUEDEUXUS","Not Hateful","2015-12-21 18:45:08 UTC"
"3UL5XDRDNCJAX78UCXRR54I4FSR851","AntiPOZi","crhivo7","t1_crhivo7"," ""I had no idea gay sex was so much fun for straight guys. Could you homophobes give me some tips to liven it up with my husband?"" ","AUGRDUEDEUXUS","Not Hateful","2015-12-21 18:45:29 UTC"
"3M7OI89LVYO8SEYLYSH1ZWSN1EO6CM","fatpeoplehate","crnzv10","t1_crnzv10"," ""You might as well try and find a used Garmin with a heart rate monitor. If you're already fit then counting steps is a waste of money. I love my Garmin. It gives me my pace/distance/time when I'm running/biking/swimming and it connects to a heart rate monitor that I can look at on Garmin connect or Strava and see exactly where(elevation and speed) I was redlining or whatever. It's so much better than a fitbit. Or get a polar watch, basically the same thing. Some gyms have equipment(treadmills) that can sync with either Polar or Garmin."" ","APXNY64HXO08K","Not Hateful","2015-12-21 18:48:13 UTC"
"34D9ZRXCYRUPMXZKLRODU6YRJ0ZAS9","fatpeoplehate","cqv2b10","t1_cqv2b10"," ""Assuming she was ""born"" with that body.....it still requires maintenance. It still requires self control. It wouldn't look like that if she stuffed her fat face with Big Mac 24/7. She is still more disciplined and fit than any fat ass. And come on, she wasn't ""born"" with that body. She worked for it. "" ","A1T79J0XQXDDGC","Hate, size (fat / skinny)","2015-12-21 18:57:25 UTC"
"3D1UCPY6GG97JSLQYE3YQ7KK1W083B","AntiPOZi","crcec4n","t1_crcec4n"," ""Pretty much all the non-right subs support trannies. How does that sub support it anymore than the rest? "" ","A1T79J0XQXDDGC","Hate, gender","2015-12-21 18:57:05 UTC"
"3DW3BNF1GHIRV1N9IO9492C3SGU8V9","fatpeoplehate","crmavsk","t1_crmavsk"," ""what's more disgusting is that they were smoking and drinking inside their own house ."" ","A1T79J0XQXDDGC","Not Hateful","2015-12-21 18:57:11 UTC"
"322ZSN9Z5GKBZ8WI1QJCR88DT9HT46","AntiPOZi","crea56a","t1_crea56a"," ""I wonder how much of that is donated for a genuine anti-fag cause or ""muh Irish heritage, muh 1/4419272139th Dublin grandpa"""" ","A1T79J0XQXDDGC","Hate, gender","2015-12-21 18:57:50 UTC"
"3LVTFB9DE5IEJ8XAFNRIVSUTZ7RQGC","Trans_fags","crh9o6e","t1_crh9o6e"," ""Hahaha, check out this charming little homo trying to convert at all costs. He's mad he lost one for the team.That's a damn good question, though. Which is worse: fags or transfags?I think fags are worse because they're **all but** normalized in today's society, even glorified if you watch too much tv. Their effects are more pernicious. Then you have their predation on minors, and their overall promiscuity, which far outreaches any other demographic and is to blame for massive healthcare costs. Not to mention drug abuse. Of course, trannies are also guilty of these things, but they're not nearly as promiscuous."" ","A1T79J0XQXDDGC","Hate, sexual orientation","2015-12-21 18:57:43 UTC"
"3PCPFX4U40Q8581F43L0D7UHYSRQFD","Trans_fags","cr5nwe0","t1_cr5nwe0"," ""These are all Jewish owned companies. You idiots talk about what you don't know. http://www.businessinsider.com/these-6-corporations-control-90-of-the-media-in-america-2012-6"" ","A1T79J0XQXDDGC","Hate, religion","2015-12-21 18:58:04 UTC"